0,1,2,3,4,5,6,7,8,9,10,11,12,13,14,15,16,17,18,19,20,21,22,23,24,25,26,27,28,29,30,31,32,33,34,35,36,37,38,39,40,41,42,43,44,45,46,47,48,49,50,51,52,53,54,55,56,57,58,59,60,61,62,63,64,65,66,67,68,69,70,71,72,73,74,75,76,77,78,79,80,81,82,83,84,85,86,87,88,89,90,91,92,93,94,95,96,97,98,99,100,101,102,103,104,105,106,107,108,109,110,111,112,113,114,115,116,117,118,119,120,121,122,123,124,125,126,127,128,129,130,131,132,133,134,135,136,137,138,139,140,141,142,143,144,145,146,147,148,149,150,151,152,153,154,155,156,157,158,159,160,161,162,163,164,165,166,167,168,169,170,171,172,173,174,175,176,177,178,179,180,181,182,183,184,185,186,187,188,189,190,191,192,193,194,195,196,197,198,199,200,201,202,203,204,205,206,207,208,209,210,211,212,213,214,215,216,217,218,219,220
specimen_01_epoch000,38.14594268798828,43.751304626464844,43.751304626464844,60.08711624145508,60.08711624145508,62.33979415893555,62.33979415893555,58.067108154296875,58.067108154296875,59.983673095703125,59.983673095703125,58.74707794189453,58.74707794189453,53.825138092041016,53.825138092041016,49.65917205810547,49.65917205810547,37.37775421142578,37.37775421142578,46.76221466064453,46.76221466064453,44.64386749267578,44.64386749267578,43.53996276855469,43.53996276855469,43.06119155883789,43.06119155883789,42.954620361328125,42.954620361328125,43.70888137817383,43.70888137817383,46.051910400390625,46.051910400390625,46.39302062988281,46.39302062988281,33.28984451293945,33.28984451293945,39.77632522583008,39.77632522583008,43.99684143066406,43.99684143066406,44.321006774902344,44.321006774902344,28.869522094726562,28.869522094726562,45.576995849609375,45.576995849609375,47.99906921386719,47.99906921386719,50.920589447021484,50.920589447021484,54.86781311035156,54.86781311035156,59.45175552368164,59.45175552368164,64.89940643310547,64.89940643310547,43.06060791015625,43.06060791015625,42.94097137451172,42.94097137451172,44.17343521118164,44.17343521118164,45.76469421386719,45.76469421386719,47.53337860107422,47.53337860107422,45.208251953125,45.208251953125,59.2335205078125,59.2335205078125,62.221031188964844,62.221031188964844,53.61321258544922,53.61321258544922,49.35856628417969,49.35856628417969,45.25397872924805,45.25397872924805,40.957237243652344,40.957237243652344,36.98690414428711,36.98690414428711,32.76142883300781,32.76142883300781,29.135469436645508,29.135469436645508,25.084352493286133,25.084352493286133,20.562641143798828,20.562641143798828,48.689186096191406,48.689186096191406,46.73154067993164,46.73154067993164,45.300376892089844,45.300376892089844,45.05548858642578,45.05548858642578,45.01820373535156,45.01820373535156,44.68342208862305,44.68342208862305,44.60648727416992,44.60648727416992,64.19925689697266,64.19925689697266,63.5764274597168,63.5764274597168,61.1948356628418,61.1948356628418,44.53862762451172,44.53862762451172,32.34429931640625,32.34429931640625,55.554649353027344,55.554649353027344,63.43965530395508,63.43965530395508,51.84630584716797,51.84630584716797,48.90019607543945,48.90019607543945,56.04190444946289,56.04190444946289,51.87760925292969,51.87760925292969,49.15390396118164,49.15390396118164,41.409027099609375,41.409027099609375,53.38617706298828,53.38617706298828,58.19121170043945,58.19121170043945,48.5723876953125,48.5723876953125,63.6304817199707,63.6304817199707,48.85075759887695,48.85075759887695,50.67613220214844,50.67613220214844,49.897491455078125,49.897491455078125,46.78257751464844,46.78257751464844,53.625282287597656,53.625282287597656,58.67109298706055,58.67109298706055,47.72300338745117,47.72300338745117,46.5281982421875,46.5281982421875,47.73112869262695,47.73112869262695,45.65406799316406,45.65406799316406,46.342750549316406,46.342750549316406,47.1287841796875,47.1287841796875,47.80894088745117,47.80894088745117,49.158321380615234,49.158321380615234,50.85430145263672,50.85430145263672,51.00038528442383,51.00038528442383,47.83137130737305,47.83137130737305,50.095523834228516,50.095523834228516,53.203304290771484,53.203304290771484,53.90170669555664,53.90170669555664,55.85427474975586,55.85427474975586,58.64944839477539,58.64944839477539,50.43650436401367,50.43650436401367,53.201744079589844,53.201744079589844,51.50932312011719,51.50932312011719,50.637489318847656,50.637489318847656,49.62389373779297,49.62389373779297,50.92510223388672,50.92510223388672,47.513675689697266,47.513675689697266,47.631431579589844,47.631431579589844,47.95671463012695,47.95671463012695,49.83710861206055,49.83710861206055,51.62489318847656,51.62489318847656,53.7270622253418,53.7270622253418,56.35657501220703,56.35657501220703,46.91227340698242,46.91227340698242,45.46342468261719,45.46342468261719,45.51045608520508,45.51045608520508,45.30924987792969,45.30924987792969,44.79710006713867,44.79710006713867,45.495540618896484
specimen_01_epoch050,7.152238368988037,12.5685396194458,12.5685396194458,24.075551986694336,24.075551986694336,26.3140869140625,26.3140869140625,21.87621307373047,21.87621307373047,23.60032081604004,23.60032081604004,22.292465209960938,22.292465209960938,16.000328063964844,16.000328063964844,10.508724212646484,10.508724212646484,18.73231315612793,18.73231315612793,10.316329002380371,10.316329002380371,10.139074325561523,10.139074325561523,10.996432304382324,10.996432304382324,17.737112045288086,17.737112045288086,21.363346099853516,21.363346099853516,23.754493713378906,23.754493713378906,27.195232391357422,27.195232391357422,26.128982543945312,26.128982543945312,17.74827766418457,17.74827766418457,7.961302280426025,7.961302280426025,15.796830177307129,15.796830177307129,17.163862228393555,17.163862228393555,19.818782806396484,19.818782806396484,9.230204582214355,9.230204582214355,11.030220031738281,11.030220031738281,12.974767684936523,12.974767684936523,15.822321891784668,15.822321891784668,21.16994285583496,21.16994285583496,27.91672706604004,27.91672706604004,16.655981063842773,16.655981063842773,16.69348907470703,16.69348907470703,17.047515869140625,17.047515869140625,15.638239860534668,15.638239860534668,15.2964506149292,15.2964506149292,16.973791122436523,16.973791122436523,24.833925247192383,24.833925247192383,31.151594161987305,31.151594161987305,17.381860733032227,17.381860733032227,14.171772003173828,14.171772003173828,13.033205032348633,13.033205032348633,12.58434009552002,12.58434009552002,14.872225761413574,14.872225761413574,13.570255279541016,13.570255279541016,14.124333381652832,14.124333381652832,17.484270095825195,17.484270095825195,25.4449405670166,25.4449405670166,19.67911148071289,19.67911148071289,15.70640754699707,15.70640754699707,13.552456855773926,13.552456855773926,11.530181884765625,11.530181884765625,5.646295070648193,5.646295070648193,19.19269371032715,19.19269371032715,20.81655502319336,20.81655502319336,33.99943923950195,33.99943923950195,34.85588455200195,34.85588455200195,32.331886291503906,32.331886291503906,14.57168197631836,14.57168197631836,13.749154090881348,13.749154090881348,23.81248664855957,23.81248664855957,32.35097885131836,32.35097885131836,22.61370086669922,22.61370086669922,24.68445587158203,24.68445587158203,25.577030181884766,25.577030181884766,21.54007339477539,21.54007339477539,25.027873992919922,25.027873992919922,20.683237075805664,20.683237075805664,17.678403854370117,17.678403854370117,22.673852920532227,22.673852920532227,11.562649726867676,11.562649726867676,28.6702880859375,28.6702880859375,27.32588768005371,27.32588768005371,19.49095344543457,19.49095344543457,18.275232315063477,18.275232315063477,20.457529067993164,20.457529067993164,22.692045211791992,22.692045211791992,20.643104553222656,20.643104553222656,24.497678756713867,24.497678756713867,24.643142700195312,24.643142700195312,24.310611724853516,24.310611724853516,20.15715217590332,20.15715217590332,23.551584243774414,23.551584243774414,26.213348388671875,26.213348388671875,24.361469268798828,24.361469268798828,21.55908203125,21.55908203125,20.82897186279297,20.82897186279297,19.884288787841797,19.884288787841797,16.566720962524414,16.566720962524414,18.751543045043945,18.751543045043945,23.0783634185791,23.0783634185791,21.678268432617188,21.678268432617188,21.78341293334961,21.78341293334961,20.04533576965332,20.04533576965332,20.910463333129883,20.910463333129883,18.286958694458008,18.286958694458008,17.975475311279297,17.975475311279297,18.657804489135742,18.657804489135742,17.554834365844727,17.554834365844727,19.84982681274414,19.84982681274414,16.32859992980957,16.32859992980957,13.497625350952148,13.497625350952148,13.925429344177246,13.925429344177246,17.09912109375,17.09912109375,22.714332580566406,22.714332580566406,23.647525787353516,23.647525787353516,20.966394424438477,20.966394424438477,25.090503692626953,25.090503692626953,21.786334991455078,21.786334991455078,24.055282592773438,24.055282592773438,25.240493774414062,25.240493774414062,24.782318115234375,24.782318115234375,24.480426788330078
specimen_01_epoch100,3.6780004501342773,9.794327735900879,9.794327735900879,15.206406593322754,15.206406593322754,22.22452163696289,22.22452163696289,13.053982734680176,13.053982734680176,14.466849327087402,14.466849327087402,13.613031387329102,13.613031387329102,8.174256324768066,8.174256324768066,7.980039119720459,7.980039119720459,14.2110595703125,14.2110595703125,7.820464611053467,7.820464611053467,7.64446496963501,7.64446496963501,8.77956485748291,8.77956485748291,8.933642387390137,8.933642387390137,13.04447078704834,13.04447078704834,16.42388343811035,16.42388343811035,14.884385108947754,14.884385108947754,17.76946258544922,17.76946258544922,12.527710914611816,12.527710914611816,6.851820945739746,6.851820945739746,10.346965789794922,10.346965789794922,8.211063385009766,8.211063385009766,12.757877349853516,12.757877349853516,8.502288818359375,8.502288818359375,9.085565567016602,9.085565567016602,7.546298503875732,7.546298503875732,9.881549835205078,9.881549835205078,14.533506393432617,14.533506393432617,20.522703170776367,20.522703170776367,3.3743298053741455,3.3743298053741455,9.51627254486084,9.51627254486084,11.15894889831543,11.15894889831543,13.632194519042969,13.632194519042969,17.69350242614746,17.69350242614746,14.449795722961426,14.449795722961426,22.018850326538086,22.018850326538086,32.059486389160156,32.059486389160156,17.605146408081055,17.605146408081055,13.124564170837402,13.124564170837402,7.69938325881958,7.69938325881958,5.0964884757995605,5.0964884757995605,4.913629055023193,4.913629055023193,6.482333660125732,6.482333660125732,8.780206680297852,8.780206680297852,12.458826065063477,12.458826065063477,17.465242385864258,17.465242385864258,14.670716285705566,14.670716285705566,11.745354652404785,11.745354652404785,8.717691421508789,8.717691421508789,5.61405086517334,5.61405086517334,16.37104034423828,16.37104034423828,12.697185516357422,12.697185516357422,16.48409080505371,16.48409080505371,28.297664642333984,28.297664642333984,28.745542526245117,28.745542526245117,27.599159240722656,27.599159240722656,15.234954833984375,15.234954833984375,10.32409381866455,10.32409381866455,25.0424861907959,25.0424861907959,36.446693420410156,36.446693420410156,20.748254776000977,20.748254776000977,17.367937088012695,17.367937088012695,24.763595581054688,24.763595581054688,19.151853561401367,19.151853561401367,17.981021881103516,17.981021881103516,14.37867259979248,14.37867259979248,15.589001655578613,15.589001655578613,20.020719528198242,20.020719528198242,6.997711658477783,6.997711658477783,33.09674835205078,33.09674835205078,20.5852108001709,20.5852108001709,14.764177322387695,14.764177322387695,13.497099876403809,13.497099876403809,12.997967720031738,12.997967720031738,17.84146499633789,17.84146499633789,16.85953140258789,16.85953140258789,19.08133888244629,19.08133888244629,17.69475746154785,17.69475746154785,18.113725662231445,18.113725662231445,12.626537322998047,12.626537322998047,16.36823272705078,16.36823272705078,20.940156936645508,20.940156936645508,17.816471099853516,17.816471099853516,14.25548267364502,14.25548267364502,15.734646797180176,15.734646797180176,15.32852554321289,15.32852554321289,12.063386917114258,12.063386917114258,13.981771469116211,13.981771469116211,17.845304489135742,17.845304489135742,18.184396743774414,18.184396743774414,16.660839080810547,16.660839080810547,16.630691528320312,16.630691528320312,15.617958068847656,15.617958068847656,19.65021324157715,19.65021324157715,16.790555953979492,16.790555953979492,15.246119499206543,15.246119499206543,9.313286781311035,9.313286781311035,15.576461791992188,15.576461791992188,9.913952827453613,9.913952827453613,7.949102401733398,7.949102401733398,8.520406723022461,8.520406723022461,10.765000343322754,10.765000343322754,13.96959114074707,13.96959114074707,15.956159591674805,15.956159591674805,15.256582260131836,15.256582260131836,18.506202697753906,18.506202697753906,17.452106475830078,17.452106475830078,18.22731590270996,18.22731590270996,17.358423233032227,17.358423233032227,18.719364166259766,18.719364166259766,18.4605655670166
specimen_01_epoch1000,7.485666275024414,7.719913005828857,7.719913005828857,4.348433017730713,4.348433017730713,18.264249801635742,18.264249801635742,5.725907802581787,5.725907802581787,4.461198806762695,4.461198806762695,5.960558891296387,5.960558891296387,6.363264560699463,6.363264560699463,6.636099338531494,6.636099338531494,6.68895149230957,6.68895149230957,8.115732192993164,8.115732192993164,9.407544136047363,9.407544136047363,9.003334999084473,9.003334999084473,6.471590995788574,6.471590995788574,7.541064739227295,7.541064739227295,6.761806488037109,6.761806488037109,5.228601932525635,5.228601932525635,4.502040386199951,4.502040386199951,3.299375057220459,3.299375057220459,6.7746076583862305,6.7746076583862305,8.494175910949707,8.494175910949707,8.094706535339355,8.094706535339355,2.69602632522583,2.69602632522583,9.03453254699707,9.03453254699707,8.825933456420898,8.825933456420898,7.420999526977539,7.420999526977539,4.576808929443359,4.576808929443359,5.7192702293396,5.7192702293396,7.016396522521973,7.016396522521973,6.225159645080566,6.225159645080566,9.196321487426758,9.196321487426758,8.291543006896973,8.291543006896973,8.412116050720215,8.412116050720215,17.710046768188477,17.710046768188477,12.147621154785156,12.147621154785156,10.97617244720459,10.97617244720459,19.755786895751953,19.755786895751953,5.371039867401123,5.371039867401123,7.777363300323486,7.777363300323486,10.141550064086914,10.141550064086914,8.989157676696777,8.989157676696777,7.388652324676514,7.388652324676514,7.048521041870117,7.048521041870117,7.507848262786865,7.507848262786865,9.368727684020996,9.368727684020996,10.990311622619629,10.990311622619629,12.095532417297363,12.095532417297363,10.692540168762207,10.692540168762207,9.511590957641602,9.511590957641602,9.131271362304688,9.131271362304688,20.94512939453125,20.94512939453125,8.45561408996582,8.45561408996582,10.495162963867188,10.495162963867188,19.02020835876465,19.02020835876465,20.444217681884766,20.444217681884766,13.994832992553711,13.994832992553711,8.741374969482422,8.741374969482422,2.9981210231781006,2.9981210231781006,9.299212455749512,9.299212455749512,20.048187255859375,20.048187255859375,10.722822189331055,10.722822189331055,10.213651657104492,10.213651657104492,7.66552209854126,7.66552209854126,9.468480110168457,9.468480110168457,9.445303916931152,9.445303916931152,8.731720924377441,8.731720924377441,19.21731948852539,19.21731948852539,16.898508071899414,16.898508071899414,15.62355899810791,15.62355899810791,9.38222599029541,9.38222599029541,8.581422805786133,8.581422805786133,5.8133721351623535,5.8133721351623535,5.033997058868408,5.033997058868408,11.04967212677002,11.04967212677002,8.787809371948242,8.787809371948242,10.908113479614258,10.908113479614258,11.607919692993164,11.607919692993164,4.613138198852539,4.613138198852539,10.465904235839844,10.465904235839844,3.230247735977173,3.230247735977173,3.9146411418914795,3.9146411418914795,6.7428789138793945,6.7428789138793945,9.852636337280273,9.852636337280273,11.52255630493164,11.52255630493164,7.009275913238525,7.009275913238525,6.240715503692627,6.240715503692627,2.17372989654541,2.17372989654541,5.236152648925781,5.236152648925781,9.268795013427734,9.268795013427734,8.998682022094727,8.998682022094727,9.631689071655273,9.631689071655273,10.570270538330078,10.570270538330078,6.600627899169922,6.600627899169922,12.784642219543457,12.784642219543457,4.192588806152344,4.192588806152344,5.160396099090576,5.160396099090576,6.120116710662842,6.120116710662842,6.068204402923584,6.068204402923584,3.880232810974121,3.880232810974121,4.677485942840576,4.677485942840576,3.82542085647583,3.82542085647583,3.7892398834228516,3.7892398834228516,8.704545974731445,8.704545974731445,11.203607559204102,11.203607559204102,12.222145080566406,12.222145080566406,8.30310344696045,8.30310344696045,11.922467231750488,11.922467231750488,13.751535415649414,13.751535415649414,9.184224128723145,9.184224128723145,10.985809326171875,10.985809326171875,13.695919036865234
specimen_01_epoch150,7.634805679321289,12.551465034484863,12.551465034484863,10.709370613098145,10.709370613098145,25.36220932006836,25.36220932006836,12.53328800201416,12.53328800201416,11.481853485107422,11.481853485107422,12.038414001464844,12.038414001464844,10.641849517822266,10.641849517822266,12.076804161071777,12.076804161071777,18.02399253845215,18.02399253845215,11.452422142028809,11.452422142028809,9.850613594055176,9.850613594055176,11.714057922363281,11.714057922363281,11.959601402282715,11.959601402282715,14.12494945526123,14.12494945526123,18.735334396362305,18.735334396362305,20.64099884033203,20.64099884033203,27.198291778564453,27.198291778564453,16.77114486694336,16.77114486694336,10.069296836853027,10.069296836853027,11.041122436523438,11.041122436523438,10.186964988708496,10.186964988708496,17.339168548583984,17.339168548583984,10.221864700317383,10.221864700317383,10.369887351989746,10.369887351989746,10.12962818145752,10.12962818145752,10.870567321777344,10.870567321777344,13.656229972839355,13.656229972839355,18.17191505432129,18.17191505432129,11.48508358001709,11.48508358001709,10.41558837890625,10.41558837890625,11.352465629577637,11.352465629577637,17.040851593017578,17.040851593017578,26.701133728027344,26.701133728027344,15.639854431152344,15.639854431152344,22.49016571044922,22.49016571044922,31.233963012695312,31.233963012695312,17.657732009887695,17.657732009887695,14.1277494430542,14.1277494430542,13.089669227600098,13.089669227600098,11.739829063415527,11.739829063415527,9.890952110290527,9.890952110290527,7.55065393447876,7.55065393447876,6.943882942199707,6.943882942199707,8.474953651428223,8.474953651428223,13.96603012084961,13.96603012084961,17.7310791015625,17.7310791015625,11.832880973815918,11.832880973815918,14.549964904785156,14.549964904785156,9.468645095825195,9.468645095825195,12.928372383117676,12.928372383117676,16.90760040283203,16.90760040283203,15.672234535217285,15.672234535217285,30.710533142089844,30.710533142089844,31.15530014038086,31.15530014038086,31.7146053314209,31.7146053314209,12.970664024353027,12.970664024353027,14.604844093322754,14.604844093322754,22.023540496826172,22.023540496826172,37.131980895996094,37.131980895996094,17.691274642944336,17.691274642944336,14.495391845703125,14.495391845703125,19.73125457763672,19.73125457763672,15.123714447021484,15.123714447021484,15.85901927947998,15.85901927947998,13.15991497039795,13.15991497039795,20.305082321166992,20.305082321166992,22.09078025817871,22.09078025817871,13.579092025756836,13.579092025756836,28.54485511779785,28.54485511779785,24.888212203979492,24.888212203979492,17.317922592163086,17.317922592163086,15.135323524475098,15.135323524475098,14.031976699829102,14.031976699829102,22.912412643432617,22.912412643432617,22.878089904785156,22.878089904785156,22.538118362426758,22.538118362426758,19.81477165222168,19.81477165222168,20.673887252807617,20.673887252807617,14.756855010986328,14.756855010986328,18.38824462890625,18.38824462890625,23.338661193847656,23.338661193847656,19.719877243041992,19.719877243041992,17.34522819519043,17.34522819519043,20.038406372070312,20.038406372070312,17.7353572845459,17.7353572845459,12.206599235534668,12.206599235534668,15.903114318847656,15.903114318847656,24.723360061645508,24.723360061645508,23.682510375976562,23.682510375976562,24.039825439453125,24.039825439453125,22.651304244995117,22.651304244995117,19.687978744506836,19.687978744506836,23.217756271362305,23.217756271362305,16.6693172454834,16.6693172454834,16.31363296508789,16.31363296508789,10.76071834564209,10.76071834564209,17.899662017822266,17.899662017822266,10.477639198303223,10.477639198303223,9.09164810180664,9.09164810180664,9.361495971679688,9.361495971679688,11.87419319152832,11.87419319152832,18.859813690185547,18.859813690185547,20.51909065246582,20.51909065246582,20.678457260131836,20.678457260131836,20.976842880249023,20.976842880249023,18.779857635498047,18.779857635498047,18.14139175415039,18.14139175415039,21.543258666992188,21.543258666992188,21.383028030395508,21.383028030395508,18.565101623535156
specimen_01_epoch200,9.05549144744873,10.964829444885254,10.964829444885254,14.275920867919922,14.275920867919922,18.84604835510254,18.84604835510254,15.365839958190918,15.365839958190918,14.724266052246094,14.724266052246094,15.420598030090332,15.420598030090332,13.038519859313965,13.038519859313965,12.83624267578125,12.83624267578125,12.752626419067383,12.752626419067383,11.633096694946289,11.633096694946289,12.206571578979492,12.206571578979492,12.172558784484863,12.172558784484863,11.564136505126953,11.564136505126953,11.734125137329102,11.734125137329102,12.914660453796387,12.914660453796387,14.401579856872559,14.401579856872559,19.794727325439453,19.794727325439453,8.802781105041504,8.802781105041504,11.507080078125,11.507080078125,11.140822410583496,11.140822410583496,10.901554107666016,10.901554107666016,7.150456428527832,7.150456428527832,11.521626472473145,11.521626472473145,12.196587562561035,12.196587562561035,10.52655029296875,10.52655029296875,13.591564178466797,13.591564178466797,14.589640617370605,14.589640617370605,19.656394958496094,19.656394958496094,9.4378023147583,9.4378023147583,10.274248123168945,10.274248123168945,10.987833976745605,10.987833976745605,15.372196197509766,15.372196197509766,25.40804100036621,25.40804100036621,13.981118202209473,13.981118202209473,20.7499942779541,20.7499942779541,26.625364303588867,26.625364303588867,12.17149829864502,12.17149829864502,12.37838077545166,12.37838077545166,11.997869491577148,11.997869491577148,11.515865325927734,11.515865325927734,7.759697437286377,7.759697437286377,8.479170799255371,8.479170799255371,7.881965160369873,7.881965160369873,7.737951278686523,7.737951278686523,12.71456241607666,12.71456241607666,12.378512382507324,12.378512382507324,11.598160743713379,11.598160743713379,12.02485179901123,12.02485179901123,9.517229080200195,9.517229080200195,17.59818458557129,17.59818458557129,13.72325611114502,13.72325611114502,12.329405784606934,12.329405784606934,30.604267120361328,30.604267120361328,30.8259334564209,30.8259334564209,29.57634735107422,29.57634735107422,10.132980346679688,10.132980346679688,6.5869317054748535,6.5869317054748535,15.096722602844238,15.096722602844238,33.197486877441406,33.197486877441406,14.393141746520996,14.393141746520996,11.419683456420898,11.419683456420898,11.985224723815918,11.985224723815918,13.663968086242676,13.663968086242676,13.272201538085938,13.272201538085938,11.525611877441406,11.525611877441406,19.0428409576416,19.0428409576416,19.386516571044922,19.386516571044922,14.037423133850098,14.037423133850098,23.82815170288086,23.82815170288086,22.42775535583496,22.42775535583496,10.260076522827148,10.260076522827148,7.896322250366211,7.896322250366211,14.729703903198242,14.729703903198242,23.395898818969727,23.395898818969727,22.707944869995117,22.707944869995117,24.215185165405273,24.215185165405273,9.950895309448242,9.950895309448242,21.1983585357666,21.1983585357666,4.927273750305176,4.927273750305176,8.723261833190918,8.723261833190918,17.23883819580078,17.23883819580078,19.670303344726562,19.670303344726562,16.81222915649414,16.81222915649414,16.361957550048828,16.361957550048828,10.395724296569824,10.395724296569824,2.0610146522521973,2.0610146522521973,8.629426002502441,8.629426002502441,24.71939468383789,24.71939468383789,24.945568084716797,24.945568084716797,25.218727111816406,25.218727111816406,22.662311553955078,22.662311553955078,12.784671783447266,12.784671783447266,22.365581512451172,22.365581512451172,9.731178283691406,9.731178283691406,9.27703857421875,9.27703857421875,6.794161319732666,6.794161319732666,10.398776054382324,10.398776054382324,5.014910697937012,5.014910697937012,5.263845443725586,5.263845443725586,4.898339748382568,4.898339748382568,6.602750778198242,6.602750778198242,16.219459533691406,16.219459533691406,19.76670265197754,19.76670265197754,19.114635467529297,19.114635467529297,16.70355224609375,16.70355224609375,17.123512268066406,17.123512268066406,15.234416007995605,15.234416007995605,14.414451599121094,14.414451599121094,16.77256202697754,16.77256202697754,15.61293888092041
specimen_01_epoch250,6.753731727600098,8.186317443847656,8.186317443847656,8.68973445892334,8.68973445892334,20.976409912109375,20.976409912109375,9.056831359863281,9.056831359863281,7.982848167419434,7.982848167419434,8.740492820739746,8.740492820739746,9.09964656829834,9.09964656829834,7.921894550323486,7.921894550323486,13.304208755493164,13.304208755493164,5.781377792358398,5.781377792358398,6.806414604187012,6.806414604187012,8.079402923583984,8.079402923583984,8.280598640441895,8.280598640441895,10.550338745117188,10.550338745117188,11.714717864990234,11.714717864990234,14.043863296508789,14.043863296508789,18.726232528686523,18.726232528686523,11.360756874084473,11.360756874084473,6.760252475738525,6.760252475738525,7.682746887207031,7.682746887207031,7.741666793823242,7.741666793823242,9.4208984375,9.4208984375,7.6503801345825195,7.6503801345825195,7.366565227508545,7.366565227508545,6.4659013748168945,6.4659013748168945,9.593782424926758,9.593782424926758,10.403897285461426,10.403897285461426,13.885092735290527,13.885092735290527,8.496648788452148,8.496648788452148,10.462571144104004,10.462571144104004,7.435903549194336,7.435903549194336,13.858563423156738,13.858563423156738,26.434558868408203,26.434558868408203,15.530630111694336,15.530630111694336,20.05845832824707,20.05845832824707,30.190780639648438,30.190780639648438,9.116863250732422,9.116863250732422,8.45806884765625,8.45806884765625,8.852707862854004,8.852707862854004,8.891550064086914,8.891550064086914,7.441705703735352,7.441705703735352,7.054814338684082,7.054814338684082,7.756420612335205,7.756420612335205,8.242597579956055,8.242597579956055,11.613962173461914,11.613962173461914,15.149113655090332,15.149113655090332,8.24063491821289,8.24063491821289,9.074275970458984,9.074275970458984,7.100088119506836,7.100088119506836,16.28070068359375,16.28070068359375,12.390711784362793,12.390711784362793,12.466556549072266,12.466556549072266,25.946983337402344,25.946983337402344,26.391321182250977,26.391321182250977,23.870641708374023,23.870641708374023,7.859914779663086,7.859914779663086,8.213420867919922,8.213420867919922,9.728896141052246,9.728896141052246,37.34307861328125,37.34307861328125,12.03254222869873,12.03254222869873,9.931477546691895,9.931477546691895,6.486003398895264,6.486003398895264,11.244418144226074,11.244418144226074,14.977502822875977,14.977502822875977,13.396924018859863,13.396924018859863,16.88422966003418,16.88422966003418,18.208255767822266,18.208255767822266,10.254653930664062,10.254653930664062,20.43535804748535,20.43535804748535,17.387296676635742,17.387296676635742,8.209827423095703,8.209827423095703,6.790402889251709,6.790402889251709,17.803220748901367,17.803220748901367,16.562971115112305,16.562971115112305,17.082822799682617,17.082822799682617,20.433361053466797,20.433361053466797,8.241351127624512,8.241351127624512,17.34546661376953,17.34546661376953,5.031818866729736,5.031818866729736,7.1543169021606445,7.1543169021606445,14.477110862731934,14.477110862731934,16.256996154785156,16.256996154785156,16.81902503967285,16.81902503967285,12.82266902923584,12.82266902923584,8.474416732788086,8.474416732788086,2.217095375061035,2.217095375061035,7.1044793128967285,7.1044793128967285,16.93215560913086,16.93215560913086,18.320859909057617,18.320859909057617,18.209901809692383,18.209901809692383,16.90973472595215,16.90973472595215,10.925433158874512,10.925433158874512,21.815710067749023,21.815710067749023,6.15769624710083,6.15769624710083,6.928643703460693,6.928643703460693,6.491282939910889,6.491282939910889,8.529953002929688,8.529953002929688,1.769132375717163,1.769132375717163,2.523515462875366,2.523515462875366,2.053910493850708,2.053910493850708,3.640655994415283,3.640655994415283,11.062909126281738,11.062909126281738,15.8564453125,15.8564453125,14.45870590209961,14.45870590209961,13.019956588745117,13.019956588745117,15.850229263305664,15.850229263305664,13.037487983703613,13.037487983703613,15.286865234375,15.286865234375,16.205381393432617,16.205381393432617,13.3392915725708
specimen_01_epoch300,8.327037811279297,9.336270332336426,9.336270332336426,7.78676176071167,7.78676176071167,19.030723571777344,19.030723571777344,6.681583404541016,6.681583404541016,7.100560665130615,7.100560665130615,6.803813934326172,6.803813934326172,6.986941337585449,6.986941337585449,7.820244789123535,7.820244789123535,12.180517196655273,12.180517196655273,9.226995468139648,9.226995468139648,11.6666841506958,11.6666841506958,10.008094787597656,10.008094787597656,7.128137111663818,7.128137111663818,9.229202270507812,9.229202270507812,10.426743507385254,10.426743507385254,11.27615737915039,11.27615737915039,14.254960060119629,14.254960060119629,8.084667205810547,8.084667205810547,6.971499919891357,6.971499919891357,7.466068744659424,7.466068744659424,9.109844207763672,9.109844207763672,7.897188663482666,7.897188663482666,11.299821853637695,11.299821853637695,11.177239418029785,11.177239418029785,5.468316555023193,5.468316555023193,5.755802631378174,5.755802631378174,6.916372299194336,6.916372299194336,11.397536277770996,11.397536277770996,7.69428825378418,7.69428825378418,9.801774024963379,9.801774024963379,7.393364906311035,7.393364906311035,11.499236106872559,11.499236106872559,25.755970001220703,25.755970001220703,14.60261344909668,14.60261344909668,13.967742919921875,13.967742919921875,21.769086837768555,21.769086837768555,7.723647594451904,7.723647594451904,7.263720989227295,7.263720989227295,8.903650283813477,8.903650283813477,8.264970779418945,8.264970779418945,6.292778968811035,6.292778968811035,6.897159576416016,6.897159576416016,7.672296524047852,7.672296524047852,7.703555107116699,7.703555107116699,12.593964576721191,12.593964576721191,10.886470794677734,10.886470794677734,6.5271100997924805,6.5271100997924805,8.088647842407227,8.088647842407227,6.630903244018555,6.630903244018555,16.31279754638672,16.31279754638672,11.498030662536621,11.498030662536621,11.604560852050781,11.604560852050781,21.61435317993164,21.61435317993164,21.366199493408203,21.366199493408203,17.06621551513672,17.06621551513672,9.617831230163574,9.617831230163574,7.645583152770996,7.645583152770996,7.719349384307861,7.719349384307861,28.005720138549805,28.005720138549805,10.980698585510254,10.980698585510254,11.130456924438477,11.130456924438477,5.458321571350098,5.458321571350098,10.736406326293945,10.736406326293945,13.107619285583496,13.107619285583496,10.35953426361084,10.35953426361084,17.059459686279297,17.059459686279297,14.251032829284668,14.251032829284668,15.397862434387207,15.397862434387207,15.829033851623535,15.829033851623535,10.924564361572266,10.924564361572266,5.9838056564331055,5.9838056564331055,5.444227695465088,5.444227695465088,15.167980194091797,15.167980194091797,11.362885475158691,11.362885475158691,13.063077926635742,13.063077926635742,16.964393615722656,16.964393615722656,4.765710830688477,4.765710830688477,14.69985294342041,14.69985294342041,3.801029682159424,3.801029682159424,4.292984485626221,4.292984485626221,10.125940322875977,10.125940322875977,13.867417335510254,13.867417335510254,13.28117847442627,13.28117847442627,8.295880317687988,8.295880317687988,6.322662353515625,6.322662353515625,4.90545654296875,4.90545654296875,5.584036350250244,5.584036350250244,11.441306114196777,11.441306114196777,12.552582740783691,12.552582740783691,14.14629077911377,14.14629077911377,12.722099304199219,12.722099304199219,7.439585208892822,7.439585208892822,15.79232406616211,15.79232406616211,3.8640334606170654,3.8640334606170654,4.9148054122924805,4.9148054122924805,5.031399726867676,5.031399726867676,6.131302356719971,6.131302356719971,3.541898012161255,3.541898012161255,6.301620960235596,6.301620960235596,5.606991767883301,5.606991767883301,2.8856284618377686,2.8856284618377686,4.089824199676514,4.089824199676514,10.12191104888916,10.12191104888916,10.151708602905273,10.151708602905273,8.781412124633789,8.781412124633789,14.106095314025879,14.106095314025879,13.888224601745605,13.888224601745605,8.86552906036377,8.86552906036377,13.210794448852539,13.210794448852539,14.05385684967041
specimen_01_epoch350,6.54920768737793,6.403085708618164,6.403085708618164,10.677923202514648,10.677923202514648,14.70095443725586,14.70095443725586,7.617061614990234,7.617061614990234,10.754420280456543,10.754420280456543,10.557987213134766,10.557987213134766,8.448992729187012,8.448992729187012,9.894617080688477,9.894617080688477,10.510934829711914,10.510934829711914,8.684768676757812,8.684768676757812,9.215808868408203,9.215808868408203,8.166742324829102,8.166742324829102,6.416858196258545,6.416858196258545,7.650018215179443,7.650018215179443,8.041214942932129,8.041214942932129,9.469388008117676,9.469388008117676,10.743069648742676,10.743069648742676,6.097472190856934,6.097472190856934,5.614681243896484,5.614681243896484,7.004673004150391,7.004673004150391,6.243946552276611,6.243946552276611,5.6065754890441895,5.6065754890441895,9.11660385131836,9.11660385131836,9.788683891296387,9.788683891296387,7.710073471069336,7.710073471069336,8.561544418334961,8.561544418334961,7.299570560455322,7.299570560455322,12.466615676879883,12.466615676879883,5.769392013549805,5.769392013549805,6.348607063293457,6.348607063293457,6.755983829498291,6.755983829498291,7.186509132385254,7.186509132385254,17.56801414489746,17.56801414489746,12.725115776062012,12.725115776062012,12.5945405960083,12.5945405960083,20.238351821899414,20.238351821899414,9.126880645751953,9.126880645751953,9.13274097442627,9.13274097442627,10.079290390014648,10.079290390014648,9.542407035827637,9.542407035827637,6.746758937835693,6.746758937835693,5.092466354370117,5.092466354370117,3.3506879806518555,3.3506879806518555,3.9296956062316895,3.9296956062316895,9.666776657104492,9.666776657104492,8.333858489990234,8.333858489990234,8.950146675109863,8.950146675109863,9.378636360168457,9.378636360168457,9.070686340332031,9.070686340332031,19.61031723022461,19.61031723022461,10.624197959899902,10.624197959899902,10.682927131652832,10.682927131652832,24.441299438476562,24.441299438476562,24.851192474365234,24.851192474365234,21.296781539916992,21.296781539916992,7.526536464691162,7.526536464691162,4.211845397949219,4.211845397949219,8.046490669250488,8.046490669250488,25.361019134521484,25.361019134521484,10.463211059570312,10.463211059570312,9.044559478759766,9.044559478759766,7.782232761383057,7.782232761383057,10.75740909576416,10.75740909576416,10.999510765075684,10.999510765075684,10.047882080078125,10.047882080078125,20.04058837890625,20.04058837890625,17.402587890625,17.402587890625,15.223814010620117,15.223814010620117,19.178646087646484,19.178646087646484,12.363717079162598,12.363717079162598,8.763009071350098,8.763009071350098,7.714478969573975,7.714478969573975,14.539843559265137,14.539843559265137,13.97150707244873,13.97150707244873,14.070771217346191,14.070771217346191,16.957414627075195,16.957414627075195,3.7178900241851807,3.7178900241851807,14.619529724121094,14.619529724121094,2.197211980819702,2.197211980819702,3.1901438236236572,3.1901438236236572,10.848359107971191,10.848359107971191,13.629158973693848,13.629158973693848,13.00023078918457,13.00023078918457,9.336403846740723,9.336403846740723,9.259567260742188,9.259567260742188,3.592291831970215,3.592291831970215,7.96011209487915,7.96011209487915,14.564682006835938,14.564682006835938,14.372591972351074,14.372591972351074,14.837700843811035,14.837700843811035,13.731709480285645,13.731709480285645,10.04202938079834,10.04202938079834,12.929264068603516,12.929264068603516,6.277535438537598,6.277535438537598,7.560051918029785,7.560051918029785,6.740195274353027,6.740195274353027,9.116687774658203,9.116687774658203,3.8400158882141113,3.8400158882141113,5.128865718841553,5.128865718841553,4.49425745010376,4.49425745010376,2.873337507247925,2.873337507247925,8.765461921691895,8.765461921691895,12.270998001098633,12.270998001098633,12.226473808288574,12.226473808288574,10.381600379943848,10.381600379943848,12.346029281616211,12.346029281616211,12.582847595214844,12.582847595214844,11.838382720947266,11.838382720947266,12.596014976501465,12.596014976501465,12.871794700622559
specimen_01_epoch400,8.826692581176758,8.526047706604004,8.526047706604004,9.035487174987793,9.035487174987793,16.85630989074707,16.85630989074707,7.8264570236206055,7.8264570236206055,8.766898155212402,8.766898155212402,8.00590991973877,8.00590991973877,8.30051326751709,8.30051326751709,6.938144207000732,6.938144207000732,6.107100963592529,6.107100963592529,7.599720478057861,7.599720478057861,7.476222515106201,7.476222515106201,6.36419677734375,6.36419677734375,3.6046085357666016,3.6046085357666016,4.977667808532715,4.977667808532715,4.570125579833984,4.570125579833984,5.841567039489746,5.841567039489746,8.425254821777344,8.425254821777344,3.780892848968506,3.780892848968506,3.7966771125793457,3.7966771125793457,4.8944010734558105,4.8944010734558105,4.695349216461182,4.695349216461182,4.432209014892578,4.432209014892578,7.332907676696777,7.332907676696777,7.5944366455078125,7.5944366455078125,6.881664276123047,6.881664276123047,6.587943077087402,6.587943077087402,7.469422817230225,7.469422817230225,8.310141563415527,8.310141563415527,5.827389240264893,5.827389240264893,9.508211135864258,9.508211135864258,4.734072208404541,4.734072208404541,9.282429695129395,9.282429695129395,22.54037857055664,22.54037857055664,11.421531677246094,11.421531677246094,13.664791107177734,13.664791107177734,23.44228744506836,23.44228744506836,8.333602905273438,8.333602905273438,8.097397804260254,8.097397804260254,10.100757598876953,10.100757598876953,9.474976539611816,9.474976539611816,8.081228256225586,8.081228256225586,7.212547302246094,7.212547302246094,8.581957817077637,8.581957817077637,7.728490829467773,7.728490829467773,7.376334190368652,7.376334190368652,11.96902847290039,11.96902847290039,8.799277305603027,8.799277305603027,9.635923385620117,9.635923385620117,8.32087230682373,8.32087230682373,17.91236686706543,17.91236686706543,8.98147964477539,8.98147964477539,8.520588874816895,8.520588874816895,19.435440063476562,19.435440063476562,20.10071563720703,20.10071563720703,17.46104621887207,17.46104621887207,5.832273960113525,5.832273960113525,3.8275296688079834,3.8275296688079834,6.150022506713867,6.150022506713867,27.639127731323242,27.639127731323242,9.620074272155762,9.620074272155762,7.280966281890869,7.280966281890869,6.183332920074463,6.183332920074463,10.133869171142578,10.133869171142578,8.591806411743164,8.591806411743164,6.171103477478027,6.171103477478027,20.324386596679688,20.324386596679688,17.738723754882812,17.738723754882812,14.678918838500977,14.678918838500977,14.655774116516113,14.655774116516113,9.770113945007324,9.770113945007324,4.529548645019531,4.529548645019531,4.095458984375,4.095458984375,12.16940975189209,12.16940975189209,10.410540580749512,10.410540580749512,10.481537818908691,10.481537818908691,12.805655479431152,12.805655479431152,2.5835137367248535,2.5835137367248535,10.786798477172852,10.786798477172852,2.621829032897949,2.621829032897949,2.717559814453125,2.717559814453125,7.140375137329102,7.140375137329102,9.900510787963867,9.900510787963867,11.275972366333008,11.275972366333008,5.602192401885986,5.602192401885986,4.83082914352417,4.83082914352417,5.752518653869629,5.752518653869629,4.2028069496154785,4.2028069496154785,9.29924201965332,9.29924201965332,11.246883392333984,11.246883392333984,10.43641185760498,10.43641185760498,10.207942008972168,10.207942008972168,5.929207801818848,5.929207801818848,13.726827621459961,13.726827621459961,3.4222757816314697,3.4222757816314697,3.9047718048095703,3.9047718048095703,3.65993332862854,3.65993332862854,4.807436466217041,4.807436466217041,4.112658500671387,4.112658500671387,7.07302713394165,7.07302713394165,6.322188854217529,6.322188854217529,1.8888198137283325,1.8888198137283325,4.961547374725342,4.961547374725342,9.367635726928711,9.367635726928711,8.92790412902832,8.92790412902832,7.692107200622559,7.692107200622559,10.728041648864746,10.728041648864746,10.825132369995117,10.825132369995117,6.198032855987549,6.198032855987549,9.681879043579102,9.681879043579102,10.85068130493164
specimen_01_epoch450,9.848227500915527,9.374034881591797,9.374034881591797,7.3555474281311035,7.3555474281311035,17.275726318359375,17.275726318359375,8.583855628967285,8.583855628967285,6.765275001525879,6.765275001525879,8.109491348266602,8.109491348266602,9.362869262695312,9.362869262695312,8.479328155517578,8.479328155517578,9.1538667678833,9.1538667678833,9.459416389465332,9.459416389465332,9.311189651489258,9.311189651489258,9.364327430725098,9.364327430725098,7.865170955657959,7.865170955657959,9.028624534606934,9.028624534606934,8.96666431427002,8.96666431427002,8.85567855834961,8.85567855834961,8.865643501281738,8.865643501281738,3.421520233154297,3.421520233154297,6.480527877807617,6.480527877807617,8.581475257873535,8.581475257873535,7.479224681854248,7.479224681854248,3.659982204437256,3.659982204437256,9.206246376037598,9.206246376037598,9.678426742553711,9.678426742553711,8.980267524719238,8.980267524719238,9.713269233703613,9.713269233703613,10.114970207214355,10.114970207214355,9.902542114257812,9.902542114257812,7.464607238769531,7.464607238769531,11.706231117248535,11.706231117248535,8.265780448913574,8.265780448913574,7.9139909744262695,7.9139909744262695,18.49566078186035,18.49566078186035,13.806879043579102,13.806879043579102,18.374326705932617,18.374326705932617,28.61450958251953,28.61450958251953,9.176961898803711,9.176961898803711,10.707234382629395,10.707234382629395,11.091262817382812,11.091262817382812,10.757695198059082,10.757695198059082,8.9440279006958,8.9440279006958,7.859591960906982,7.859591960906982,8.607993125915527,8.607993125915527,6.898473262786865,6.898473262786865,7.576892375946045,7.576892375946045,12.566905975341797,12.566905975341797,11.031428337097168,11.031428337097168,10.729390144348145,10.729390144348145,10.135530471801758,10.135530471801758,19.341794967651367,19.341794967651367,11.127701759338379,11.127701759338379,10.656354904174805,10.656354904174805,27.01912498474121,27.01912498474121,28.741792678833008,28.741792678833008,22.868783950805664,22.868783950805664,9.016289710998535,9.016289710998535,1.6789814233779907,1.6789814233779907,10.39680290222168,10.39680290222168,26.126800537109375,26.126800537109375,13.131152153015137,13.131152153015137,10.830779075622559,10.830779075622559,8.133163452148438,8.133163452148438,11.619935989379883,11.619935989379883,11.727977752685547,11.727977752685547,9.316886901855469,9.316886901855469,22.74797821044922,22.74797821044922,21.327730178833008,21.327730178833008,16.541032791137695,16.541032791137695,13.083014488220215,13.083014488220215,13.814026832580566,13.814026832580566,6.688053131103516,6.688053131103516,5.635263442993164,5.635263442993164,14.339112281799316,14.339112281799316,15.53880500793457,15.53880500793457,14.247661590576172,14.247661590576172,18.13306999206543,18.13306999206543,1.8858888149261475,1.8858888149261475,15.0258207321167,15.0258207321167,3.281424045562744,3.281424045562744,1.657556176185608,1.657556176185608,9.407809257507324,9.407809257507324,13.637441635131836,13.637441635131836,15.031100273132324,15.031100273132324,8.484100341796875,8.484100341796875,7.127502918243408,7.127502918243408,5.302555084228516,5.302555084228516,5.944787979125977,5.944787979125977,13.655753135681152,13.655753135681152,16.15338134765625,16.15338134765625,16.40060043334961,16.40060043334961,13.929134368896484,13.929134368896484,8.92871379852295,8.92871379852295,9.947759628295898,9.947759628295898,3.1384410858154297,3.1384410858154297,5.027619361877441,5.027619361877441,5.999087810516357,5.999087810516357,6.881975173950195,6.881975173950195,3.926095962524414,3.926095962524414,8.127166748046875,8.127166748046875,7.662613868713379,7.662613868713379,2.112889289855957,2.112889289855957,9.05334758758545,9.05334758758545,14.597709655761719,14.597709655761719,15.253927230834961,15.253927230834961,8.921347618103027,8.921347618103027,14.539710998535156,14.539710998535156,13.714744567871094,13.714744567871094,8.882214546203613,8.882214546203613,12.921027183532715,12.921027183532715,13.858342170715332
specimen_01_epoch500,9.151738166809082,8.441621780395508,8.441621780395508,7.2831621170043945,7.2831621170043945,18.291040420532227,18.291040420532227,7.594731330871582,7.594731330871582,6.934239864349365,6.934239864349365,7.0096516609191895,7.0096516609191895,6.924962043762207,6.924962043762207,6.939645767211914,6.939645767211914,8.505830764770508,8.505830764770508,6.950802803039551,6.950802803039551,7.948740482330322,7.948740482330322,7.8819355964660645,7.8819355964660645,7.285388469696045,7.285388469696045,8.234936714172363,8.234936714172363,8.082533836364746,8.082533836364746,8.437561988830566,8.437561988830566,7.7888569831848145,7.7888569831848145,5.2210564613342285,5.2210564613342285,6.501739978790283,6.501739978790283,8.01732349395752,8.01732349395752,7.824181079864502,7.824181079864502,5.6905622482299805,5.6905622482299805,7.558085918426514,7.558085918426514,7.8827385902404785,7.8827385902404785,5.140351295471191,5.140351295471191,5.344500541687012,5.344500541687012,6.577796936035156,6.577796936035156,7.873194694519043,7.873194694519043,5.578458309173584,5.578458309173584,8.930837631225586,8.930837631225586,7.979930877685547,7.979930877685547,9.856339454650879,9.856339454650879,21.195556640625,21.195556640625,13.144068717956543,13.144068717956543,14.672765731811523,14.672765731811523,20.40669059753418,20.40669059753418,6.5104079246521,6.5104079246521,6.243546485900879,6.243546485900879,6.537270545959473,6.537270545959473,6.752351760864258,6.752351760864258,5.783741474151611,5.783741474151611,6.670833587646484,6.670833587646484,9.16435718536377,9.16435718536377,11.318368911743164,11.318368911743164,13.196075439453125,13.196075439453125,11.222474098205566,11.222474098205566,7.107411861419678,7.107411861419678,6.141401290893555,6.141401290893555,6.368447780609131,6.368447780609131,16.94133758544922,16.94133758544922,9.371024131774902,9.371024131774902,10.351534843444824,10.351534843444824,22.768945693969727,22.768945693969727,24.1680850982666,24.1680850982666,19.049762725830078,19.049762725830078,8.05111312866211,8.05111312866211,4.626819133758545,4.626819133758545,7.374483108520508,7.374483108520508,25.370479583740234,25.370479583740234,11.634411811828613,11.634411811828613,9.788097381591797,9.788097381591797,5.520784378051758,5.520784378051758,9.95324420928955,9.95324420928955,10.214537620544434,10.214537620544434,8.739362716674805,8.739362716674805,18.782146453857422,18.782146453857422,17.901865005493164,17.901865005493164,14.395883560180664,14.395883560180664,11.315792083740234,11.315792083740234,9.401989936828613,9.401989936828613,8.840838432312012,8.840838432312012,8.215445518493652,8.215445518493652,12.577508926391602,12.577508926391602,10.340182304382324,10.340182304382324,11.724027633666992,11.724027633666992,12.765054702758789,12.765054702758789,4.1819024085998535,4.1819024085998535,11.617196083068848,11.617196083068848,3.6327145099639893,3.6327145099639893,3.751211643218994,3.751211643218994,8.500572204589844,8.500572204589844,10.946359634399414,10.946359634399414,12.897990226745605,12.897990226745605,8.14942455291748,8.14942455291748,9.527012825012207,9.527012825012207,1.3292170763015747,1.3292170763015747,8.307732582092285,8.307732582092285,10.571704864501953,10.571704864501953,10.616327285766602,10.616327285766602,10.669622421264648,10.669622421264648,11.310938835144043,11.310938835144043,9.493372917175293,9.493372917175293,16.400636672973633,16.400636672973633,6.391419887542725,6.391419887542725,8.511347770690918,8.511347770690918,8.015654563903809,8.015654563903809,9.387406349182129,9.387406349182129,3.517146348953247,3.517146348953247,2.255417585372925,2.255417585372925,2.077033758163452,2.077033758163452,5.009114742279053,5.009114742279053,8.21438217163086,8.21438217163086,11.159392356872559,11.159392356872559,11.006271362304688,11.006271362304688,8.350608825683594,8.350608825683594,13.077265739440918,13.077265739440918,12.623000144958496,12.623000144958496,9.648672103881836,9.648672103881836,12.16314697265625,12.16314697265625,12.789689064025879
specimen_01_epoch550,8.044328689575195,8.021485328674316,8.021485328674316,6.588159561157227,6.588159561157227,16.800477981567383,16.800477981567383,4.849168300628662,4.849168300628662,6.113283157348633,6.113283157348633,4.811152458190918,4.811152458190918,5.692958354949951,5.692958354949951,5.867605209350586,5.867605209350586,7.39873743057251,7.39873743057251,7.268676280975342,7.268676280975342,7.865838527679443,7.865838527679443,8.005267143249512,8.005267143249512,6.212362766265869,6.212362766265869,7.294895172119141,7.294895172119141,7.363141059875488,7.363141059875488,6.829819202423096,6.829819202423096,5.716943264007568,5.716943264007568,3.7213189601898193,3.7213189601898193,5.607523441314697,5.607523441314697,7.372182846069336,7.372182846069336,7.349574565887451,7.349574565887451,3.090325355529785,3.090325355529785,8.189874649047852,8.189874649047852,7.895873546600342,7.895873546600342,6.382730007171631,6.382730007171631,4.8208723068237305,4.8208723068237305,5.3673553466796875,5.3673553466796875,5.517811298370361,5.517811298370361,4.370870113372803,4.370870113372803,7.867587566375732,7.867587566375732,7.247960090637207,7.247960090637207,8.80307674407959,8.80307674407959,19.204872131347656,19.204872131347656,11.763370513916016,11.763370513916016,11.300789833068848,11.300789833068848,19.285978317260742,19.285978317260742,6.8009538650512695,6.8009538650512695,7.503021240234375,7.503021240234375,8.246590614318848,8.246590614318848,8.318659782409668,8.318659782409668,6.6790008544921875,6.6790008544921875,6.442506790161133,6.442506790161133,7.886044502258301,7.886044502258301,8.51587200164795,8.51587200164795,7.938612937927246,7.938612937927246,14.698984146118164,14.698984146118164,10.062312126159668,10.062312126159668,8.103574752807617,8.103574752807617,7.678071975708008,7.678071975708008,18.11760902404785,18.11760902404785,9.02539348602295,9.02539348602295,9.308094024658203,9.308094024658203,19.885141372680664,19.885141372680664,21.24946403503418,21.24946403503418,15.305989265441895,15.305989265441895,7.158814430236816,7.158814430236816,2.402125597000122,2.402125597000122,7.70131778717041,7.70131778717041,18.61536979675293,18.61536979675293,10.362667083740234,10.362667083740234,9.242466926574707,9.242466926574707,6.16468620300293,6.16468620300293,9.343033790588379,9.343033790588379,8.895305633544922,8.895305633544922,7.369388580322266,7.369388580322266,16.94234275817871,16.94234275817871,16.220115661621094,16.220115661621094,12.821853637695312,12.821853637695312,11.434854507446289,11.434854507446289,9.232300758361816,9.232300758361816,6.529550075531006,6.529550075531006,5.961244106292725,5.961244106292725,11.014617919921875,11.014617919921875,9.67084789276123,9.67084789276123,9.21986198425293,9.21986198425293,11.417540550231934,11.417540550231934,2.958540201187134,2.958540201187134,9.94897174835205,9.94897174835205,2.986595869064331,2.986595869064331,2.7600972652435303,2.7600972652435303,7.045081615447998,7.045081615447998,9.362799644470215,9.362799644470215,11.590705871582031,11.590705871582031,6.802799224853516,6.802799224853516,6.92535400390625,6.92535400390625,3.595492124557495,3.595492124557495,6.141022205352783,6.141022205352783,9.447333335876465,9.447333335876465,9.93178939819336,9.93178939819336,9.032325744628906,9.032325744628906,8.765710830688477,8.765710830688477,7.619248390197754,7.619248390197754,11.784977912902832,11.784977912902832,4.846933841705322,4.846933841705322,5.904114723205566,5.904114723205566,6.106741428375244,6.106741428375244,6.845610618591309,6.845610618591309,3.684732437133789,3.684732437133789,6.213314533233643,6.213314533233643,5.4606170654296875,5.4606170654296875,2.7928435802459717,2.7928435802459717,7.192140579223633,7.192140579223633,9.677485466003418,9.677485466003418,9.128954887390137,9.128954887390137,7.305965423583984,7.305965423583984,10.717375755310059,10.717375755310059,11.404916763305664,11.404916763305664,7.54250955581665,7.54250955581665,9.825214385986328,9.825214385986328,11.506793022155762
specimen_01_epoch600,8.554859161376953,8.438759803771973,8.438759803771973,8.28154468536377,8.28154468536377,17.00857162475586,17.00857162475586,8.809006690979004,8.809006690979004,8.891264915466309,8.891264915466309,9.813365936279297,9.813365936279297,9.182337760925293,9.182337760925293,8.318882942199707,8.318882942199707,8.057708740234375,8.057708740234375,9.125103950500488,9.125103950500488,10.085267066955566,10.085267066955566,9.671446800231934,9.671446800231934,7.229094982147217,7.229094982147217,8.012120246887207,8.012120246887207,7.2046732902526855,7.2046732902526855,6.315652370452881,6.315652370452881,5.7674174308776855,5.7674174308776855,4.247581958770752,4.247581958770752,6.407134056091309,6.407134056091309,7.954020023345947,7.954020023345947,8.475961685180664,8.475961685180664,2.84916090965271,2.84916090965271,9.697589874267578,9.697589874267578,10.262250900268555,10.262250900268555,9.56808853149414,9.56808853149414,8.297418594360352,8.297418594360352,9.115692138671875,9.115692138671875,10.312544822692871,10.312544822692871,4.938892364501953,4.938892364501953,9.654497146606445,9.654497146606445,7.849751949310303,7.849751949310303,10.054032325744629,10.054032325744629,19.420969009399414,19.420969009399414,13.033753395080566,13.033753395080566,14.560796737670898,14.560796737670898,22.532291412353516,22.532291412353516,8.375598907470703,8.375598907470703,8.685660362243652,8.685660362243652,9.515539169311523,9.515539169311523,9.852805137634277,9.852805137634277,7.80220890045166,7.80220890045166,7.543342590332031,7.543342590332031,8.004216194152832,8.004216194152832,8.341448783874512,8.341448783874512,9.090723037719727,9.090723037719727,13.726137161254883,13.726137161254883,11.139766693115234,11.139766693115234,9.072471618652344,9.072471618652344,9.03180980682373,9.03180980682373,20.034727096557617,20.034727096557617,9.283334732055664,9.283334732055664,10.095192909240723,10.095192909240723,20.931591033935547,20.931591033935547,22.59449577331543,22.59449577331543,17.29290199279785,17.29290199279785,8.378926277160645,8.378926277160645,3.386444330215454,3.386444330215454,8.875483512878418,8.875483512878418,19.95771026611328,19.95771026611328,11.68800163269043,11.68800163269043,10.164362907409668,10.164362907409668,7.434743404388428,7.434743404388428,9.984784126281738,9.984784126281738,9.206462860107422,9.206462860107422,8.043782234191895,8.043782234191895,21.735353469848633,21.735353469848633,22.174156188964844,22.174156188964844,16.779918670654297,16.779918670654297,9.579863548278809,9.579863548278809,10.420805931091309,10.420805931091309,6.9576921463012695,6.9576921463012695,5.699456691741943,5.699456691741943,11.857817649841309,11.857817649841309,10.74485969543457,10.74485969543457,11.706863403320312,11.706863403320312,13.10351848602295,13.10351848602295,3.453191041946411,3.453191041946411,11.598793983459473,11.598793983459473,3.070218086242676,3.070218086242676,3.0636203289031982,3.0636203289031982,7.9150567054748535,7.9150567054748535,10.896380424499512,10.896380424499512,12.201888084411621,12.201888084411621,8.636741638183594,8.636741638183594,7.392561912536621,7.392561912536621,2.1155896186828613,2.1155896186828613,6.082996845245361,6.082996845245361,11.244743347167969,11.244743347167969,11.282304763793945,11.282304763793945,11.05264663696289,11.05264663696289,11.218688011169434,11.218688011169434,8.565957069396973,8.565957069396973,12.250950813293457,12.250950813293457,3.649057149887085,3.649057149887085,5.929938793182373,5.929938793182373,6.8015923500061035,6.8015923500061035,7.138553142547607,7.138553142547607,3.1507720947265625,3.1507720947265625,4.504408359527588,4.504408359527588,3.7670416831970215,3.7670416831970215,2.9235000610351562,2.9235000610351562,8.383275032043457,8.383275032043457,12.278104782104492,12.278104782104492,12.478352546691895,12.478352546691895,8.215414047241211,8.215414047241211,12.244084358215332,12.244084358215332,12.627756118774414,12.627756118774414,8.607529640197754,8.607529640197754,10.979460716247559,10.979460716247559,12.71680736541748
specimen_01_epoch650,7.957365036010742,8.09936237335205,8.09936237335205,5.881929397583008,5.881929397583008,14.967599868774414,14.967599868774414,4.796848773956299,4.796848773956299,5.791654586791992,5.791654586791992,5.427699089050293,5.427699089050293,6.775721549987793,6.775721549987793,5.852642059326172,5.852642059326172,6.587693214416504,6.587693214416504,6.9847002029418945,6.9847002029418945,6.758700370788574,6.758700370788574,6.935697078704834,6.935697078704834,5.1337571144104,5.1337571144104,6.848679065704346,6.848679065704346,6.649959564208984,6.649959564208984,5.734958648681641,5.734958648681641,5.034306526184082,5.034306526184082,3.406428337097168,3.406428337097168,4.953720569610596,4.953720569610596,6.802277565002441,6.802277565002441,6.043004512786865,6.043004512786865,3.4572720527648926,3.4572720527648926,7.37091588973999,7.37091588973999,7.935097694396973,7.935097694396973,7.185708045959473,7.185708045959473,5.46274471282959,5.46274471282959,5.110806941986084,5.110806941986084,6.474582195281982,6.474582195281982,5.088500022888184,5.088500022888184,9.432408332824707,9.432408332824707,6.65922212600708,6.65922212600708,7.625372409820557,7.625372409820557,16.521114349365234,16.521114349365234,12.26505184173584,12.26505184173584,11.527580261230469,11.527580261230469,19.22537612915039,19.22537612915039,6.585830211639404,6.585830211639404,7.810695171356201,7.810695171356201,9.694869041442871,9.694869041442871,9.125419616699219,9.125419616699219,7.39678430557251,7.39678430557251,7.073159217834473,7.073159217834473,8.515990257263184,8.515990257263184,8.99346923828125,8.99346923828125,10.516336441040039,10.516336441040039,12.112157821655273,12.112157821655273,10.066723823547363,10.066723823547363,8.902982711791992,8.902982711791992,8.57994270324707,8.57994270324707,20.33351707458496,20.33351707458496,8.45417594909668,8.45417594909668,9.645368576049805,9.645368576049805,15.903040885925293,15.903040885925293,17.000152587890625,17.000152587890625,11.873529434204102,11.873529434204102,7.463391304016113,7.463391304016113,3.0091068744659424,3.0091068744659424,8.696702003479004,8.696702003479004,21.028167724609375,21.028167724609375,9.982379913330078,9.982379913330078,9.000677108764648,9.000677108764648,7.493123531341553,7.493123531341553,8.469846725463867,8.469846725463867,8.601208686828613,8.601208686828613,8.058422088623047,8.058422088623047,20.462182998657227,20.462182998657227,17.74660873413086,17.74660873413086,15.364842414855957,15.364842414855957,10.251477241516113,10.251477241516113,8.025594711303711,8.025594711303711,5.532194137573242,5.532194137573242,5.093853950500488,5.093853950500488,11.616519927978516,11.616519927978516,8.092838287353516,8.092838287353516,9.513619422912598,9.513619422912598,11.83806324005127,11.83806324005127,3.3616795539855957,3.3616795539855957,10.609682083129883,10.609682083129883,2.849848747253418,2.849848747253418,2.980358362197876,2.980358362197876,6.53206729888916,6.53206729888916,9.981593132019043,9.981593132019043,11.481453895568848,11.481453895568848,6.092085361480713,6.092085361480713,6.005501747131348,6.005501747131348,2.7821574211120605,2.7821574211120605,5.229874134063721,5.229874134063721,8.232439041137695,8.232439041137695,8.41629695892334,8.41629695892334,8.473881721496582,8.473881721496582,9.102537155151367,9.102537155151367,6.201179027557373,6.201179027557373,11.99150276184082,11.99150276184082,4.182751655578613,4.182751655578613,5.3708906173706055,5.3708906173706055,6.4167280197143555,6.4167280197143555,5.954315662384033,5.954315662384033,4.392512798309326,4.392512798309326,5.911046504974365,5.911046504974365,5.085930824279785,5.085930824279785,3.220754623413086,3.220754623413086,6.799961090087891,6.799961090087891,9.30132007598877,9.30132007598877,9.539928436279297,9.539928436279297,7.182424068450928,7.182424068450928,11.678566932678223,11.678566932678223,12.575631141662598,12.575631141662598,7.487181186676025,7.487181186676025,9.942981719970703,9.942981719970703,12.594564437866211
specimen_01_epoch700,7.137554168701172,7.521281719207764,7.521281719207764,8.568197250366211,8.568197250366211,18.5784854888916,18.5784854888916,7.859752655029297,7.859752655029297,8.484037399291992,8.484037399291992,7.6136603355407715,7.6136603355407715,8.105216026306152,8.105216026306152,6.935261249542236,6.935261249542236,6.8671979904174805,6.8671979904174805,7.873107433319092,7.873107433319092,8.026971817016602,8.026971817016602,7.879227638244629,7.879227638244629,5.9916558265686035,5.9916558265686035,7.27441930770874,7.27441930770874,6.297063827514648,6.297063827514648,5.293487071990967,5.293487071990967,4.628236293792725,4.628236293792725,3.4529504776000977,3.4529504776000977,5.461024284362793,5.461024284362793,7.129735469818115,7.129735469818115,7.067875385284424,7.067875385284424,3.176043748855591,3.176043748855591,7.965510845184326,7.965510845184326,8.555435180664062,8.555435180664062,7.875194549560547,7.875194549560547,7.068507194519043,7.068507194519043,7.711746692657471,7.711746692657471,9.96473503112793,9.96473503112793,5.4350433349609375,5.4350433349609375,8.651344299316406,8.651344299316406,7.07146692276001,7.07146692276001,7.8415207862854,7.8415207862854,17.43391990661621,17.43391990661621,11.503493309020996,11.503493309020996,12.268694877624512,12.268694877624512,20.662748336791992,20.662748336791992,7.2258076667785645,7.2258076667785645,8.092437744140625,8.092437744140625,9.312206268310547,9.312206268310547,8.949470520019531,8.949470520019531,7.189822673797607,7.189822673797607,6.824963092803955,6.824963092803955,7.598818302154541,7.598818302154541,8.857266426086426,8.857266426086426,9.029616355895996,9.029616355895996,11.73206615447998,11.73206615447998,10.098461151123047,10.098461151123047,8.6016263961792,8.6016263961792,8.556990623474121,8.556990623474121,19.869800567626953,19.869800567626953,8.527868270874023,8.527868270874023,9.465644836425781,9.465644836425781,18.994009017944336,18.994009017944336,20.244016647338867,20.244016647338867,14.55577564239502,14.55577564239502,7.666174411773682,7.666174411773682,2.4393043518066406,2.4393043518066406,8.54788875579834,8.54788875579834,18.317440032958984,18.317440032958984,10.239094734191895,10.239094734191895,9.61955451965332,9.61955451965332,7.367778778076172,7.367778778076172,8.592909812927246,8.592909812927246,8.738740921020508,8.738740921020508,7.5736470222473145,7.5736470222473145,19.974651336669922,19.974651336669922,18.96503257751465,18.96503257751465,15.268959045410156,15.268959045410156,10.971317291259766,10.971317291259766,8.165703773498535,8.165703773498535,6.120549201965332,6.120549201965332,5.2305684089660645,5.2305684089660645,11.581303596496582,11.581303596496582,8.524967193603516,8.524967193603516,10.159307479858398,10.159307479858398,11.21270751953125,11.21270751953125,4.429783344268799,4.429783344268799,10.085256576538086,10.085256576538086,3.9006245136260986,3.9006245136260986,3.7341361045837402,3.7341361045837402,7.0256667137146,7.0256667137146,9.554862976074219,9.554862976074219,10.793174743652344,10.793174743652344,7.177616119384766,7.177616119384766,6.617555618286133,6.617555618286133,2.142302989959717,2.142302989959717,5.426671981811523,5.426671981811523,9.611130714416504,9.611130714416504,8.729218482971191,8.729218482971191,9.197640419006348,9.197640419006348,9.796899795532227,9.796899795532227,6.94631290435791,6.94631290435791,13.3272123336792,13.3272123336792,4.151576042175293,4.151576042175293,5.593448638916016,5.593448638916016,5.905641078948975,5.905641078948975,6.4011759757995605,6.4011759757995605,3.7617862224578857,3.7617862224578857,4.412924766540527,4.412924766540527,3.7062578201293945,3.7062578201293945,2.821337938308716,2.821337938308716,7.5898237228393555,7.5898237228393555,10.346613883972168,10.346613883972168,10.839449882507324,10.839449882507324,7.462897777557373,7.462897777557373,11.111449241638184,11.111449241638184,11.962711334228516,11.962711334228516,9.817102432250977,9.817102432250977,10.4437894821167,10.4437894821167,12.028886795043945
specimen_01_epoch750,7.160778999328613,7.304535865783691,7.304535865783691,3.117934465408325,3.117934465408325,18.040481567382812,18.040481567382812,4.747959136962891,4.747959136962891,2.9823427200317383,2.9823427200317383,4.565109729766846,4.565109729766846,5.00502872467041,5.00502872467041,5.585916996002197,5.585916996002197,6.164511203765869,6.164511203765869,7.2293596267700195,7.2293596267700195,7.824486255645752,7.824486255645752,7.610688209533691,7.610688209533691,5.7743682861328125,5.7743682861328125,7.1020636558532715,7.1020636558532715,6.329245567321777,6.329245567321777,5.099547863006592,5.099547863006592,4.3139238357543945,4.3139238357543945,3.663689374923706,3.663689374923706,5.446581840515137,5.446581840515137,7.322282314300537,7.322282314300537,6.813308238983154,6.813308238983154,3.468627452850342,3.468627452850342,7.907533168792725,7.907533168792725,7.8531270027160645,7.8531270027160645,6.724729061126709,6.724729061126709,4.639085292816162,4.639085292816162,4.517326831817627,4.517326831817627,5.359889984130859,5.359889984130859,5.200923919677734,5.200923919677734,8.459773063659668,8.459773063659668,7.233689785003662,7.233689785003662,7.48534631729126,7.48534631729126,16.849262237548828,16.849262237548828,11.284799575805664,11.284799575805664,11.029596328735352,11.029596328735352,19.6658935546875,19.6658935546875,5.075932025909424,5.075932025909424,6.807122707366943,6.807122707366943,8.743803977966309,8.743803977966309,7.800971508026123,7.800971508026123,6.084778785705566,6.084778785705566,5.922397136688232,5.922397136688232,7.051824569702148,7.051824569702148,8.759696960449219,8.759696960449219,9.94543170928955,9.94543170928955,11.595514297485352,11.595514297485352,9.416244506835938,9.416244506835938,8.155172348022461,8.155172348022461,7.695391654968262,7.695391654968262,19.006139755249023,19.006139755249023,7.800207138061523,7.800207138061523,9.557077407836914,9.557077407836914,18.29131317138672,18.29131317138672,19.933330535888672,19.933330535888672,13.783968925476074,13.783968925476074,7.579259872436523,7.579259872436523,2.9126923084259033,2.9126923084259033,8.265195846557617,8.265195846557617,17.983123779296875,17.983123779296875,9.973586082458496,9.973586082458496,8.887351036071777,8.887351036071777,6.95062255859375,6.95062255859375,8.622018814086914,8.622018814086914,8.443103790283203,8.443103790283203,7.454442024230957,7.454442024230957,18.455379486083984,18.455379486083984,15.763742446899414,15.763742446899414,14.411230087280273,14.411230087280273,8.713634490966797,8.713634490966797,7.743670463562012,7.743670463562012,5.384983062744141,5.384983062744141,4.718033790588379,4.718033790588379,10.793166160583496,10.793166160583496,8.29334831237793,8.29334831237793,9.448792457580566,9.448792457580566,10.837268829345703,10.837268829345703,4.10807466506958,4.10807466506958,9.581401824951172,9.581401824951172,3.0365428924560547,3.0365428924560547,3.48470139503479,3.48470139503479,6.294116973876953,6.294116973876953,9.061006546020508,9.061006546020508,10.50924301147461,10.50924301147461,6.0680832862854,6.0680832862854,5.860667705535889,5.860667705535889,2.72841215133667,2.72841215133667,4.886970043182373,4.886970043182373,8.649103164672852,8.649103164672852,8.557927131652832,8.557927131652832,8.69797134399414,8.69797134399414,9.134033203125,9.134033203125,6.001695156097412,6.001695156097412,12.08784008026123,12.08784008026123,3.700955867767334,3.700955867767334,4.860090255737305,4.860090255737305,6.064713954925537,6.064713954925537,5.61082124710083,5.61082124710083,3.562899589538574,3.562899589538574,4.614670276641846,4.614670276641846,3.729081869125366,3.729081869125366,2.846423864364624,2.846423864364624,7.677947998046875,7.677947998046875,10.519285202026367,10.519285202026367,10.88605785369873,10.88605785369873,7.175933837890625,7.175933837890625,11.075455665588379,11.075455665588379,12.119477272033691,12.119477272033691,8.741540908813477,8.741540908813477,10.081820487976074,10.081820487976074,12.1618013381958
specimen_01_epoch800,7.1623125076293945,7.297226905822754,7.297226905822754,4.907751083374023,4.907751083374023,18.10650062561035,18.10650062561035,6.090794563293457,6.090794563293457,5.104252338409424,5.104252338409424,6.3559112548828125,6.3559112548828125,6.837101459503174,6.837101459503174,5.979175567626953,5.979175567626953,6.1035332679748535,6.1035332679748535,7.752086639404297,7.752086639404297,8.789323806762695,8.789323806762695,8.480159759521484,8.480159759521484,5.958925724029541,5.958925724029541,6.997561454772949,6.997561454772949,6.234040260314941,6.234040260314941,5.045546531677246,5.045546531677246,4.280048847198486,4.280048847198486,3.100541353225708,3.100541353225708,6.224697113037109,6.224697113037109,8.02340030670166,8.02340030670166,7.545985698699951,7.545985698699951,2.455238103866577,2.455238103866577,8.528518676757812,8.528518676757812,8.307577133178711,8.307577133178711,7.13809871673584,7.13809871673584,4.916583061218262,4.916583061218262,6.071967124938965,6.071967124938965,7.164612770080566,7.164612770080566,5.57996940612793,5.57996940612793,8.678857803344727,8.678857803344727,7.817777633666992,7.817777633666992,8.492388725280762,8.492388725280762,17.617597579956055,17.617597579956055,11.309844017028809,11.309844017028809,11.265949249267578,11.265949249267578,19.964487075805664,19.964487075805664,5.481105804443359,5.481105804443359,7.1316657066345215,7.1316657066345215,8.91834545135498,8.91834545135498,8.208161354064941,8.208161354064941,6.533990383148193,6.533990383148193,6.258028984069824,6.258028984069824,6.56436824798584,6.56436824798584,8.437122344970703,8.437122344970703,9.702220916748047,9.702220916748047,11.498303413391113,11.498303413391113,9.481307029724121,9.481307029724121,8.296198844909668,8.296198844909668,7.963809013366699,7.963809013366699,19.78188705444336,19.78188705444336,7.987914562225342,7.987914562225342,9.808939933776855,9.808939933776855,18.766721725463867,18.766721725463867,20.111583709716797,20.111583709716797,13.90146541595459,13.90146541595459,8.207592964172363,8.207592964172363,2.7672832012176514,2.7672832012176514,8.633055686950684,8.633055686950684,20.193599700927734,20.193599700927734,10.367411613464355,10.367411613464355,10.073695182800293,10.073695182800293,6.976476669311523,6.976476669311523,8.837952613830566,8.837952613830566,8.860679626464844,8.860679626464844,7.9267191886901855,7.9267191886901855,18.628551483154297,18.628551483154297,16.457115173339844,16.457115173339844,15.124080657958984,15.124080657958984,8.834158897399902,8.834158897399902,8.41542911529541,8.41542911529541,5.886285305023193,5.886285305023193,5.021873474121094,5.021873474121094,10.644943237304688,10.644943237304688,8.74099349975586,8.74099349975586,10.266412734985352,10.266412734985352,11.620865821838379,11.620865821838379,4.21994686126709,4.21994686126709,10.347734451293945,10.347734451293945,3.122143268585205,3.122143268585205,3.5350918769836426,3.5350918769836426,6.129375457763672,6.129375457763672,9.726418495178223,9.726418495178223,11.17053508758545,11.17053508758545,7.388946056365967,7.388946056365967,6.343439102172852,6.343439102172852,1.8182258605957031,1.8182258605957031,5.248879909515381,5.248879909515381,9.500475883483887,9.500475883483887,8.902227401733398,8.902227401733398,9.445244789123535,9.445244789123535,9.91133975982666,9.91133975982666,6.722655296325684,6.722655296325684,12.799314498901367,12.799314498901367,3.9298980236053467,3.9298980236053467,5.1633219718933105,5.1633219718933105,6.210472583770752,6.210472583770752,6.123770713806152,6.123770713806152,3.423166036605835,3.423166036605835,4.160261154174805,4.160261154174805,3.357254981994629,3.357254981994629,3.181894302368164,3.181894302368164,7.736221790313721,7.736221790313721,10.620616912841797,10.620616912841797,11.515289306640625,11.515289306640625,7.5355706214904785,7.5355706214904785,11.523090362548828,11.523090362548828,12.882950782775879,12.882950782775879,8.564228057861328,8.564228057861328,10.248882293701172,10.248882293701172,12.813089370727539
specimen_01_epoch850,7.944065570831299,8.033429145812988,8.033429145812988,5.055267333984375,5.055267333984375,18.62761116027832,18.62761116027832,6.568933010101318,6.568933010101318,5.160294532775879,5.160294532775879,6.763943672180176,6.763943672180176,7.400237083435059,7.400237083435059,7.184694766998291,7.184694766998291,7.117273807525635,7.117273807525635,8.637231826782227,8.637231826782227,9.426485061645508,9.426485061645508,9.09784984588623,9.09784984588623,6.704181671142578,6.704181671142578,7.887989044189453,7.887989044189453,7.211599826812744,7.211599826812744,5.884393692016602,5.884393692016602,5.064898490905762,5.064898490905762,3.6517672538757324,3.6517672538757324,6.957885265350342,6.957885265350342,8.733354568481445,8.733354568481445,8.167252540588379,8.167252540588379,3.0406620502471924,3.0406620502471924,9.303021430969238,9.303021430969238,9.133734703063965,9.133734703063965,8.066252708435059,8.066252708435059,5.577976703643799,5.577976703643799,6.235096454620361,6.235096454620361,7.258334159851074,7.258334159851074,6.456016540527344,6.456016540527344,9.32288932800293,9.32288932800293,8.534847259521484,8.534847259521484,8.914395332336426,8.914395332336426,17.51697540283203,17.51697540283203,12.206189155578613,12.206189155578613,12.056276321411133,12.056276321411133,20.055864334106445,20.055864334106445,5.844472408294678,5.844472408294678,8.13353157043457,8.13353157043457,10.259367942810059,10.259367942810059,9.107317924499512,9.107317924499512,7.337823390960693,7.337823390960693,7.164247989654541,7.164247989654541,7.757739543914795,7.757739543914795,9.582587242126465,9.582587242126465,11.099974632263184,11.099974632263184,12.452110290527344,12.452110290527344,10.87382698059082,10.87382698059082,9.603099822998047,9.603099822998047,9.159189224243164,9.159189224243164,20.992706298828125,20.992706298828125,8.73879337310791,8.73879337310791,10.644173622131348,10.644173622131348,19.808687210083008,19.808687210083008,21.230789184570312,21.230789184570312,14.841202735900879,14.841202735900879,9.108366966247559,9.108366966247559,3.477066993713379,3.477066993713379,9.88565731048584,9.88565731048584,20.361106872558594,20.361106872558594,11.058969497680664,11.058969497680664,10.399782180786133,10.399782180786133,8.128626823425293,8.128626823425293,9.775789260864258,9.775789260864258,9.52707290649414,9.52707290649414,8.883499145507812,8.883499145507812,19.450593948364258,19.450593948364258,17.381324768066406,17.381324768066406,15.506403923034668,15.506403923034668,8.838942527770996,8.838942527770996,9.230480194091797,9.230480194091797,6.288791656494141,6.288791656494141,5.42279052734375,5.42279052734375,11.320796012878418,11.320796012878418,9.650349617004395,9.650349617004395,11.313467979431152,11.313467979431152,12.382312774658203,12.382312774658203,4.62035608291626,4.62035608291626,11.066993713378906,11.066993713378906,3.1511950492858887,3.1511950492858887,3.8538856506347656,3.8538856506347656,7.091346740722656,7.091346740722656,10.41751480102539,10.41751480102539,11.797698020935059,11.797698020935059,7.676456451416016,7.676456451416016,6.696200847625732,6.696200847625732,1.9990167617797852,1.9990167617797852,5.6611714363098145,5.6611714363098145,10.121191024780273,10.121191024780273,9.910859107971191,9.910859107971191,10.313739776611328,10.313739776611328,10.96434497833252,10.96434497833252,7.230933666229248,7.230933666229248,12.95236873626709,12.95236873626709,4.3496994972229,4.3496994972229,5.603156566619873,5.603156566619873,6.344601154327393,6.344601154327393,6.5328803062438965,6.5328803062438965,3.8689825534820557,3.8689825534820557,4.022977352142334,4.022977352142334,3.275355339050293,3.275355339050293,4.2303924560546875,4.2303924560546875,9.438079833984375,9.438079833984375,11.699711799621582,11.699711799621582,12.521446228027344,12.521446228027344,8.925860404968262,8.925860404968262,12.304795265197754,12.304795265197754,13.83995246887207,13.83995246887207,9.74162483215332,9.74162483215332,11.14917278289795,11.14917278289795,13.828996658325195
specimen_01_epoch900,7.431394577026367,7.703586101531982,7.703586101531982,3.90278697013855,3.90278697013855,18.17461585998535,18.17461585998535,5.453388214111328,5.453388214111328,3.9842844009399414,3.9842844009399414,5.621026515960693,5.621026515960693,6.110703945159912,6.110703945159912,6.479863166809082,6.479863166809082,6.673864841461182,6.673864841461182,7.968985557556152,7.968985557556152,9.254874229431152,9.254874229431152,8.94616413116455,8.94616413116455,6.438238143920898,6.438238143920898,7.536890506744385,7.536890506744385,6.792624473571777,6.792624473571777,5.206246852874756,5.206246852874756,4.3526291847229,4.3526291847229,3.2856364250183105,3.2856364250183105,6.670601844787598,6.670601844787598,8.450610160827637,8.450610160827637,8.030238151550293,8.030238151550293,2.7489547729492188,2.7489547729492188,8.903824806213379,8.903824806213379,8.709217071533203,8.709217071533203,7.3321003913879395,7.3321003913879395,4.543747901916504,4.543747901916504,5.570398330688477,5.570398330688477,6.6222357749938965,6.6222357749938965,6.255136966705322,6.255136966705322,9.18233871459961,9.18233871459961,8.22999382019043,8.22999382019043,8.359339714050293,8.359339714050293,17.340848922729492,17.340848922729492,12.174595832824707,12.174595832824707,11.087121963500977,11.087121963500977,19.98342514038086,19.98342514038086,5.235926151275635,5.235926151275635,7.7186994552612305,7.7186994552612305,10.051905632019043,10.051905632019043,8.927766799926758,8.927766799926758,7.332943916320801,7.332943916320801,7.045153617858887,7.045153617858887,7.544094085693359,7.544094085693359,9.339554786682129,9.339554786682129,10.949905395507812,10.949905395507812,12.118228912353516,12.118228912353516,10.715167999267578,10.715167999267578,9.434417724609375,9.434417724609375,8.920330047607422,8.920330047607422,20.57573890686035,20.57573890686035,8.472600936889648,8.472600936889648,10.50003719329834,10.50003719329834,19.165939331054688,19.165939331054688,20.518178939819336,20.518178939819336,13.91971206665039,13.91971206665039,8.71374797821045,8.71374797821045,2.8862900733947754,2.8862900733947754,9.222352027893066,9.222352027893066,19.457134246826172,19.457134246826172,10.728170394897461,10.728170394897461,10.161088943481445,10.161088943481445,7.688877582550049,7.688877582550049,9.5806245803833,9.5806245803833,9.507044792175293,9.507044792175293,8.696735382080078,8.696735382080078,19.262481689453125,19.262481689453125,16.872222900390625,16.872222900390625,15.582740783691406,15.582740783691406,9.705923080444336,9.705923080444336,8.33149242401123,8.33149242401123,5.712625980377197,5.712625980377197,4.9196014404296875,4.9196014404296875,11.153217315673828,11.153217315673828,8.713164329528809,8.713164329528809,11.199628829956055,11.199628829956055,11.658476829528809,11.658476829528809,4.491693019866943,4.491693019866943,10.496404647827148,10.496404647827148,2.9359641075134277,2.9359641075134277,3.754163980484009,3.754163980484009,6.647655963897705,6.647655963897705,9.871691703796387,9.871691703796387,11.627968788146973,11.627968788146973,6.841764450073242,6.841764450073242,6.1519389152526855,6.1519389152526855,2.43208646774292,2.43208646774292,5.120349407196045,5.120349407196045,9.207545280456543,9.207545280456543,8.926105499267578,8.926105499267578,9.744783401489258,9.744783401489258,10.867242813110352,10.867242813110352,6.4111552238464355,6.4111552238464355,12.213369369506836,12.213369369506836,3.9360220432281494,3.9360220432281494,5.065935134887695,5.065935134887695,6.007621765136719,6.007621765136719,5.952793121337891,5.952793121337891,3.618666887283325,3.618666887283325,4.706058025360107,4.706058025360107,3.8192832469940186,3.8192832469940186,3.538271903991699,3.538271903991699,8.748181343078613,8.748181343078613,11.399463653564453,11.399463653564453,12.491617202758789,12.491617202758789,8.095829963684082,8.095829963684082,11.952153205871582,11.952153205871582,13.749380111694336,13.749380111694336,9.056915283203125,9.056915283203125,10.847871780395508,10.847871780395508,13.71181583404541
specimen_01_epoch950,7.485263824462891,7.7150774002075195,7.7150774002075195,4.330231189727783,4.330231189727783,18.299135208129883,18.299135208129883,5.770040988922119,5.770040988922119,4.442917823791504,4.442917823791504,5.983617305755615,5.983617305755615,6.392919063568115,6.392919063568115,6.633737564086914,6.633737564086914,6.72584867477417,6.72584867477417,8.061694145202637,8.061694145202637,9.3065767288208,9.3065767288208,8.950563430786133,8.950563430786133,6.4706830978393555,6.4706830978393555,7.580341815948486,7.580341815948486,6.8186445236206055,6.8186445236206055,5.320581912994385,5.320581912994385,4.592501163482666,4.592501163482666,3.347487688064575,3.347487688064575,6.748687744140625,6.748687744140625,8.482423782348633,8.482423782348633,8.037914276123047,8.037914276123047,2.7517764568328857,2.7517764568328857,8.958617210388184,8.958617210388184,8.785991668701172,8.785991668701172,7.438087463378906,7.438087463378906,4.619998455047607,4.619998455047607,5.7125349044799805,5.7125349044799805,6.985744476318359,6.985744476318359,6.169236183166504,6.169236183166504,9.171469688415527,9.171469688415527,8.278528213500977,8.278528213500977,8.419780731201172,8.419780731201172,17.69878387451172,17.69878387451172,12.118414878845215,12.118414878845215,11.151388168334961,11.151388168334961,19.82818031311035,19.82818031311035,5.290931701660156,5.290931701660156,7.71150541305542,7.71150541305542,10.033994674682617,10.033994674682617,8.906488418579102,8.906488418579102,7.287595272064209,7.287595272064209,6.986717700958252,6.986717700958252,7.467360973358154,7.467360973358154,9.358316421508789,9.358316421508789,11.013449668884277,11.013449668884277,12.11352252960205,12.11352252960205,10.656606674194336,10.656606674194336,9.398571014404297,9.398571014404297,8.9891939163208,8.9891939163208,20.828887939453125,20.828887939453125,8.426640510559082,8.426640510559082,10.494514465332031,10.494514465332031,19.10304832458496,19.10304832458496,20.5048770904541,20.5048770904541,13.987329483032227,13.987329483032227,8.769619941711426,8.769619941711426,3.0459227561950684,3.0459227561950684,9.33021068572998,9.33021068572998,20.187793731689453,20.187793731689453,10.720067024230957,10.720067024230957,10.183334350585938,10.183334350585938,7.669471263885498,7.669471263885498,9.456451416015625,9.456451416015625,9.421113967895508,9.421113967895508,8.7489652633667,8.7489652633667,19.165040969848633,19.165040969848633,16.909912109375,16.909912109375,15.571891784667969,15.571891784667969,9.319831848144531,9.319831848144531,8.599066734313965,8.599066734313965,5.765389919281006,5.765389919281006,5.002756118774414,5.002756118774414,11.070462226867676,11.070462226867676,8.79947566986084,8.79947566986084,10.923789024353027,10.923789024353027,11.650200843811035,11.650200843811035,4.606596946716309,4.606596946716309,10.485448837280273,10.485448837280273,3.1661369800567627,3.1661369800567627,3.9052257537841797,3.9052257537841797,6.769095420837402,6.769095420837402,9.871074676513672,9.871074676513672,11.538644790649414,11.538644790649414,6.94813871383667,6.94813871383667,6.189996719360352,6.189996719360352,2.31990385055542,2.31990385055542,5.206455230712891,5.206455230712891,9.268586158752441,9.268586158752441,9.01870059967041,9.01870059967041,9.6344575881958,9.6344575881958,10.589198112487793,10.589198112487793,6.567150115966797,6.567150115966797,12.616222381591797,12.616222381591797,4.083237171173096,4.083237171173096,5.103668212890625,5.103668212890625,6.056177616119385,6.056177616119385,6.014591693878174,6.014591693878174,3.916072130203247,3.916072130203247,4.773323059082031,4.773323059082031,3.9318506717681885,3.9318506717681885,3.798295497894287,3.798295497894287,8.705135345458984,8.705135345458984,11.154276847839355,11.154276847839355,12.16513729095459,12.16513729095459,8.322824478149414,8.322824478149414,11.952997207641602,11.952997207641602,13.742716789245605,13.742716789245605,9.273191452026367,9.273191452026367,11.013177871704102,11.013177871704102,13.691636085510254
